email,label
urgent meeting tomorrow at 10am,important
project report attached for review,important
team meeting rescheduled to monday,important
please review the project proposal,important
deadline for submission is tonight,important
important update about the conference,important
client meeting scheduled this afternoon,important
urgent request from management,important
review the attached financial report,important
board meeting agenda attached,important
project milestone discussion tomorrow,important
team coordination meeting today,important
important notice regarding schedule,important
please confirm meeting attendance,important
report submission required today,important
manager requested urgent feedback,important
prepare presentation for tomorrow meeting,important
important system maintenance notification,important
please approve the budget report,important
meeting with client at 2pm,important
weekly project progress update,normal
team lunch tomorrow afternoon,normal
please check the shared document,normal
schedule for next week attached,normal
reminder for training session,normal
new guidelines for documentation,normal
project discussion later today,normal
notes from yesterday meeting,normal
update on internal policy,normal
team building event invitation,normal
please update your contact information,normal
reminder to submit timesheet,normal
monthly report preparation,normal
meeting room booking confirmation,normal
shared folder updated with files,normal
project documentation available online,normal
team schedule updated,normal
review comments added to document,normal
internal communication update,normal
agenda for tomorrow discussion,normal
please read the new procedure,normal
documentation review request,normal
status update for ongoing tasks,normal
please attend the weekly meeting,normal
discussion about upcoming project,normal
system update scheduled tonight,normal
training material available online,normal
department announcement,normal
project collaboration request,normal
task assignment notification,normal
limited time discount offer,spam
buy now and save big,spam
congratulations you won a prize,spam
claim your free gift today,spam
special promotion just for you,spam
earn money quickly from home,spam
exclusive deal available today,spam
free vacation offer click now,spam
you have been selected for reward,spam
win a brand new smartphone,spam
cheap products available now,spam
limited offer act fast,spam
get rich with this simple trick,spam
investment opportunity guaranteed profit,spam
online pharmacy cheap medicines,spam
weight loss miracle product,spam
crypto investment double your money,spam
earn passive income easily,spam
casino bonus free spins,spam
special marketing promotion today,spam
buy one get one free deal,spam
unbelievable discount available now,spam
click here to claim reward,spam
exclusive membership offer today,spam
instant loan approval online,spam
lowest price guaranteed shop now,spam
limited stock hurry up,spam
get followers instantly online,spam
free software download now,spam
amazing business opportunity today,spam
special coupon just for you,spam
luxury watch discount today,spam
cheap airline tickets buy now,spam
free trial available today,spam
unlock secret money strategy,spam
special limited promotion click here,spam
online course free access now,spam
best deal of the year,spam
urgent financial opportunity,spam
limited investment offer today,spam